Custid,Mnt,Clothes,NetPurchase,Marital_Status,DepVar
1903,43.68,73,53,Single,0
5261,1670.24,78,16,Married,1
9733,48.88,86,67,BigConfusion,0
5922,1659.84,18,7,Married,0
2432,38.48,15,62,Single,0
10376,864.24,58,13,Single,0
10527,557.44,40,46,Married,0
1104,988.0,39,28,Together,0
5576,679.12,89,51,Married,0
9245,268.32,75,47,Married,0
7815,1187.68,68,39,Together,0
5046,11.44,24,66,Together,0
5583,558.48,41,75,Married,0
9002,153.92,34,65,Together,0
4526,1927.12,62,22,Married,1
10787,56.16,13,63,Single,0
8332,863.2,21,18,Single,0
4131,1660.88,46,9,Divorced,1
3904,123.76,46,44,Single,0
5590,189.28,88,59,Together,0
2671,41.6,30,64,Together,0
2555,2445.04,46,8,Together,1
9927,14.56,20,59,Divorced,0
7955,232.96,78,49,Married,0
7778,17.68,58,40,Together,0
1041,156.0,6,60,Single,0
3949,2506.4,54,10,Divorced,1
9968,95.68,54,58,Together,0
2545,796.64,60,66,Married,0
8157,928.72,59,27,Divorced,0
4630,927.68,18,9,Together,0
7575,1190.8,37,33,Married,0
4945,318.24,36,41,Married,0
4517,31.2,14,62,Single,0
1006,58.24,47,67,Together,0
1741,41.6,59,27,Married,0
6220,997.36,36,37,Single,0
3079,2255.76,79,13,Married,1
9020,80.08,50,42,Married,0
9062,1329.12,16,13,Together,0
10568,19.76,6,54,Together,0
4479,28.08,7,68,Together,0
6481,92.56,57,51,Married,0
5554,459.68,78,48,Together,0
1143,65.52,83,42,Single,0
8592,17.68,70,64,Single,0
2442,310.96,91,65,Divorced,0
4246,1118.0,18,17,Together,0
8822,561.6,35,56,Single,0
6106,31.2,44,52,Single,0
10063,570.96,96,51,Together,0
2794,1600.56,20,12,Single,0
7759,189.28,61,50,Single,0
10516,35.36,50,68,Married,0
1825,2628.08,41,11,Married,0
5821,268.32,87,52,Married,0
8077,1400.88,42,16,Together,0
8715,72.8,45,50,Together,0
3959,95.68,77,47,Divorced,0
1283,194.48,91,65,Widow,0
10225,54.08,32,54,Together,0
5434,28.08,16,50,Single,0
6214,508.56,51,38,Married,0
1807,566.8,59,58,Married,0
5384,126.88,57,55,Married,0
5685,1467.44,22,12,Widow,0
9101,52.0,39,44,Married,0
3066,125.84,57,56,Together,0
4874,796.64,47,29,Married,0
5230,70.72,44,69,Married,0
1034,48.88,20,62,Married,0
8139,514.8,79,44,Single,0
3649,195.52,86,63,Divorced,0
5776,798.72,43,25,Married,0
2135,2061.28,66,13,Widow,1
4751,59.28,48,66,BigConfusion,0
7005,42.64,63,56,Single,0
3868,566.8,55,36,Together,0
8503,229.84,52,72,Together,0
5092,228.8,78,67,Together,0
3273,19.76,41,67,Married,0
9063,1116.96,43,18,Together,0
1917,557.44,54,47,Married,0
8070,63.44,9,77,Married,0
7529,46.8,67,61,Married,0
5341,864.24,48,26,Single,0
4399,615.68,40,46,Married,0
6969,229.84,9,38,Single,0
7381,2194.4,46,14,Together,0
3309,11.44,7,57,Single,0
4531,50.96,5,52,Single,0
1443,121.68,91,39,Together,0
2467,735.28,86,38,Single,0
8114,191.36,7,62,Together,0
1351,504.4,36,55,Married,0
4367,1726.4,12,10,Married,0
1691,1929.2,39,20,Married,0
1036,65.52,64,57,Married,0
3214,1394.64,39,23,Together,0
9132,404.56,84,60,Married,0
3775,229.84,70,35,Married,0
9225,1256.32,54,35,Married,0
3951,509.6,56,57,Together,0
2012,936.0,58,11,Married,0
9038,310.96,92,57,Together,0
6056,1729.52,77,17,Together,0
10070,153.92,35,40,Together,0
10128,20.8,65,69,Together,0
2746,509.6,67,41,Divorced,0
9141,13.52,3,63,Single,0
10965,1318.72,63,31,Single,0
8451,10.4,73,68,Married,0
8749,1053.52,24,16,Married,0
1410,1057.68,53,29,Together,0
7212,1537.12,43,17,Married,0
5441,224.64,92,45,Married,0
10367,231.92,42,49,Married,0
9134,43.68,67,38,Divorced,0
4385,157.04,92,36,Single,0
5191,68.64,51,56,Married,0
7297,1323.92,87,50,Single,0
8022,1134.64,58,39,Together,0
7199,87.36,86,50,Married,0
8633,668.72,79,37,Together,0
6397,627.12,85,44,Married,0
9412,24.96,17,62,Single,0
9420,1268.8,79,30,Married,0
10517,65.52,62,68,Together,0
1627,990.08,90,42,Married,0
6998,1523.6,12,15,Married,0
4621,990.08,78,29,Widow,0
6671,17.68,88,55,Married,0
4761,2505.36,69,7,Widow,1
2244,500.24,51,37,Widow,0
9400,930.8,46,38,Single,0
6006,306.8,64,49,Married,0
7873,1599.52,14,18,Together,0
8756,65.52,74,55,Married,0
5028,42.64,54,59,Married,0
5103,66.56,57,46,Together,0
1588,567.84,93,70,Divorced,1
2117,228.8,61,48,Together,0
2761,1134.64,80,68,Divorced,0
1153,1000.48,36,12,Together,0
10032,858.0,60,30,Married,0
5216,1990.56,17,12,Married,0
7737,47.84,32,31,Single,0
10080,989.04,56,31,Married,0
1582,72.8,5,68,Single,0
8888,557.44,40,34,Together,0
9638,313.04,86,58,Married,0
6246,1801.28,25,14,Widow,0
6227,1929.2,38,14,Divorced,1
8140,1254.24,92,59,Divorced,0
6153,455.52,25,42,Together,0
3006,33.28,41,38,Married,0
9686,1328.08,49,13,Together,0
5109,1135.68,88,40,Married,0
3383,362.96,23,25,Married,0
9497,2383.68,51,13,Married,0
9748,1536.08,66,47,Single,0
2472,995.28,67,33,Together,0
4950,28.08,20,61,Together,0
2035,43.68,68,39,Together,0
7994,731.12,83,35,Married,0
5601,318.24,35,46,Married,0
1675,2318.16,27,16,Married,0
3491,511.68,93,57,Together,0
10653,12.48,9,38,Single,0
10461,1060.8,71,36,Married,1
2827,1190.8,43,11,Widow,0
6747,1395.68,58,14,Single,0
2279,1933.36,32,13,Married,0
1719,683.28,82,36,Married,0
3473,66.56,74,55,Single,0
2529,124.8,86,44,Married,0
5006,20.8,37,49,Together,0
8723,42.64,93,65,Married,0
5612,1990.56,58,34,Married,0
10037,1464.32,21,27,BigConfusion,0
4439,29.12,7,62,Single,0
3140,124.8,27,16,Married,0
6258,60.32,51,72,Married,0
5694,1253.2,72,14,Divorced,1
3152,362.96,49,29,Together,0
5326,569.92,76,34,Married,0
4673,792.48,17,29,Widow,0
9076,1671.28,25,16,Together,1
6335,502.32,95,64,Married,0
8146,266.24,7,66,Single,0
1967,1059.76,85,59,Married,0
2515,680.16,71,50,Married,0
8292,743.6,28,34,Together,0
2330,1131.52,54,15,Divorced,0
3895,565.76,54,49,Married,0
6507,1120.08,65,15,Divorced,0
3237,1864.72,43,9,Together,0
5796,42.64,33,42,Together,0
3596,559.52,85,41,Single,0
7102,802.88,74,37,Divorced,0
8896,359.84,85,49,Married,0
1182,35.36,7,73,Single,0
1533,459.68,71,31,Single,0
9592,1800.24,66,20,Married,1
7635,45.76,20,63,Single,0
1328,33.28,28,43,Single,0
9923,44.72,31,69,Married,0
3569,1929.2,65,39,Widow,0
1128,1055.6,15,19,Married,0
5447,1734.72,25,18,Together,0
4608,1469.52,68,9,Together,0
2163,33.28,38,35,Married,0
1156,56.16,33,78,Single,0
3989,455.52,74,32,Married,0
2518,455.52,75,41,Divorced,0
2219,2064.4,14,10,Single,0
5207,1527.76,25,33,Divorced,0
7829,24.96,14,66,Divorced,0
9649,35.36,80,65,Married,0
5745,462.8,51,31,Married,0
3966,352.56,69,60,Together,0
3865,21.84,40,45,Together,0
6321,1066.0,40,51,Together,0
10537,10.4,10,56,Single,0
5808,398.32,9,64,Single,0
2864,231.92,73,60,Married,0
8100,2056.08,75,7,Single,0
8185,1864.72,21,9,Divorced,1
8591,308.88,51,51,Widow,0
2083,1996.8,59,31,Widow,0
5793,192.4,65,66,Single,0
2381,793.52,9,16,Married,0
1809,192.4,27,66,Together,0
1767,50.96,43,72,Married,0
8903,31.2,25,70,Single,0
10112,456.56,56,57,Married,0
5626,731.12,74,36,Married,0
6037,122.72,45,40,Married,0
7653,29.12,57,60,Single,0
2384,1592.24,61,20,Together,0
10583,93.6,56,22,Together,0
6739,1390.48,38,15,Married,0
7094,12.48,11,69,Single,0
9714,733.2,84,41,Divorced,0
3500,124.8,38,58,Married,0
2178,31.2,19,41,Single,0
2001,190.32,60,33,Divorced,0
5383,860.08,74,22,Together,0
4061,355.68,93,65,Divorced,0
4449,189.28,53,53,Divorced,0
6474,76.96,44,50,Single,0
5283,27.04,65,45,Single,0
4767,30.16,25,52,Married,0
5957,33.28,8,79,Single,0
6597,743.6,35,24,Married,0
3211,27.04,45,65,Together,0
8911,503.36,16,14,Single,0
10085,1530.88,21,11,Together,0
2908,57.2,53,40,Married,0
6830,66.56,65,39,Together,0
4326,2126.8,74,37,Married,0
4691,1328.08,55,22,Widow,0
9082,68.64,10,60,Together,0
1870,22.88,49,40,Single,0
8536,67.6,61,63,Married,0
10868,1394.64,73,42,Divorced,0
3721,1258.4,83,33,Single,0
5113,1531.92,24,12,Together,0
1400,35.36,6,74,Single,0
2275,458.64,69,38,Married,1
8083,264.16,40,36,Divorced,0
9684,806.0,79,34,Together,0
2205,515.84,49,11,Together,0
4685,42.64,70,41,,0
9261,74.88,41,53,Together,0
8060,123.76,14,41,Single,0
3874,48.88,53,48,Single,0
7859,42.64,58,51,Married,0
2225,20.8,87,29,Divorced,0
2681,29.12,34,67,Together,0
9026,66.56,64,54,Together,0
4281,270.4,38,61,Married,0
5731,154.96,28,62,Single,0
2318,49.92,28,57,Single,0
7393,152.88,35,72,Single,0
6266,78.0,60,24,Widow,0
8307,930.8,69,27,Married,0
7080,34.32,39,51,Together,0
5782,9.36,19,62,Married,0
7082,1528.8,64,26,Married,1
1343,18.72,37,39,Married,0
10144,17.68,75,57,Married,0
1061,1331.2,41,17,Widow,1
8529,42.64,66,57,Married,0
5823,83.2,42,61,Together,0
3000,159.12,57,61,Together,0
1350,94.64,69,58,Single,0
7045,49.92,28,58,Single,0
10422,19.76,34,62,Married,0
1625,672.88,74,36,Married,0
7172,510.64,79,60,Widow,0
7399,2065.44,43,10,Married,0
6317,1469.52,40,8,Married,0
3112,59.28,29,54,Married,0
2421,2124.72,18,22,Married,0
10271,22.88,80,57,Widow,0
6101,1396.72,85,35,Together,0
7417,125.84,59,66,Single,0
3063,17.68,36,58,Single,0
9457,41.6,25,65,Single,0
6404,35.36,70,45,Single,0
3700,409.76,48,57,Single,0
8782,56.16,45,59,Married,0
1924,54.08,58,53,Married,0
7351,2628.08,69,38,Together,1
5192,921.44,89,52,Widow,0
7726,2062.32,38,13,Together,1
9716,407.68,23,35,Together,0
6406,47.84,3,51,Single,0
1416,2188.16,85,24,Widow,0
10462,1456.0,56,39,Together,0
8361,683.28,24,15,Divorced,0
2347,1336.4,44,13,Together,0
4711,123.76,73,62,Married,0
2474,628.16,78,32,,0
4099,191.36,53,48,BigConfusion,0
8856,507.52,91,43,Married,0
2902,1593.28,41,11,Together,0
10451,33.28,60,61,Married,0
3620,453.44,93,53,Married,0
4523,53.04,16,77,Together,0
1860,408.72,89,64,Married,0
10418,14.56,48,40,Married,0
2392,1262.56,39,10,Divorced,0
6195,274.56,72,57,Divorced,0
10657,747.76,53,43,Together,0
6159,187.2,58,26,Married,0
8992,1324.96,33,18,Together,0
9325,1798.16,33,17,Widow,0
8147,153.92,36,66,Divorced,0
5038,56.16,47,72,Together,0
2562,305.76,65,69,Together,0
4766,224.64,52,76,Together,0
6274,56.16,73,63,Married,0
1549,158.08,69,41,Together,0
10139,306.8,86,58,Divorced,0
2609,43.68,17,45,Single,0
2832,2440.88,45,10,Married,0
9143,556.4,92,43,Divorced,0
5769,1524.64,47,57,Married,0
7952,685.36,94,63,Married,0
2981,59.28,27,70,Single,0
9278,568.88,81,52,Married,0
4980,854.88,59,25,Single,0
10056,30.16,9,67,Single,0
8421,78.0,75,53,Married,0
8637,38.48,28,41,Together,0
7830,359.84,90,56,Married,0
9835,670.8,43,39,Married,0
7809,2128.88,43,17,Single,0
6644,1736.8,80,28,Married,0
8787,82.16,42,57,Married,0
5025,33.28,36,52,Single,0
4113,925.6,65,30,Divorced,0
4764,193.44,45,25,Married,0
8857,30.16,9,49,Married,0
4599,622.96,33,33,Married,0
3712,1068.08,60,31,Married,0
3467,1064.96,66,17,Together,0
4749,230.88,59,54,Together,0
1798,1258.4,43,29,Single,0
6184,32.24,49,43,BigConfusion,0
7713,504.4,25,26,Together,0
1313,1797.12,57,10,Married,0
5330,43.68,24,68,Single,0
6432,53.04,56,50,Married,0
9804,399.36,74,35,Divorced,0
8561,2058.16,65,11,Married,1
2961,567.84,88,48,Married,0
3340,995.28,41,26,Together,0
10612,228.8,23,58,Married,0
1167,66.56,82,54,Single,0
8573,1465.36,46,8,Married,0
8135,1660.88,81,40,Single,0
6262,738.4,83,44,Married,0
2923,66.56,81,48,Married,0
8450,307.84,35,52,Single,0
6151,452.4,66,57,Single,0
6582,56.16,24,41,Together,0
2302,1457.04,19,16,Together,0
10395,2190.24,45,14,Single,1
3138,232.96,43,40,Single,0
10209,52.0,14,73,Single,0
10952,57.2,21,71,Married,0
9682,19.76,77,60,Married,0
9202,459.68,65,63,Together,0
2891,15.6,52,68,Married,0
9058,189.28,93,47,Married,0
9717,351.52,27,40,Together,0
9723,67.6,56,58,Together,0
3439,60.32,61,41,Married,0
10700,224.64,13,54,Single,0
9621,408.72,88,60,Married,0
9871,356.72,60,68,Married,0
5538,502.32,90,28,Divorced,0
10067,853.84,74,57,Married,0
1700,503.36,46,31,Married,0
6096,95.68,48,60,Single,0
3319,2314.0,25,16,Divorced,1
6987,16.64,47,52,Married,0
2065,1130.48,39,19,Divorced,0
5794,1928.16,31,26,Married,1
2235,92.56,7,70,Single,0
5000,126.88,10,68,Single,0
8286,1333.28,37,12,Divorced,0
6843,121.68,48,32,Together,0
5792,41.6,76,60,Together,0
9370,687.44,65,37,Married,0
3731,1667.12,36,13,Divorced,0
9403,398.32,41,28,Together,0
6625,72.8,58,53,Married,0
1112,76.96,81,54,Married,0
8892,919.36,76,48,Widow,0
6873,405.6,63,38,Married,0
4133,1791.92,49,17,Together,0
1866,1933.36,49,13,Together,0
9128,30.16,36,50,Together,0
7909,48.88,6,58,Single,0
9152,19.76,70,72,Married,0
2027,1467.44,23,10,Together,0
5476,20.8,8,55,Married,0
4114,38.48,63,53,Married,0
1925,225.68,77,55,Single,0
1920,993.2,93,35,Together,0
4192,43.68,26,76,Together,0
1371,19.76,43,45,Married,0
9739,356.72,75,63,Married,0
3915,1202.24,71,30,Together,0
4421,96.72,47,53,Single,0
4359,625.04,84,47,Together,1
9585,93.6,75,62,Married,0
5066,40.56,77,49,Married,0
8680,1995.76,68,29,Together,0
7316,1266.72,57,15,Married,0
2020,307.84,61,57,Single,0
4079,1532.96,68,50,Married,0
4062,924.56,31,36,Married,0
6164,745.68,81,55,Divorced,0
8056,34.32,13,38,Single,0
3933,684.32,52,61,Together,0
7143,34.32,18,59,Together,0
2831,308.88,74,58,Divorced,0
10003,1528.8,44,12,Widow,0
10024,29.12,5,66,Single,0
4282,1467.44,95,33,Married,0
9288,1386.32,90,41,Widow,0
3690,1668.16,54,13,Single,0
1678,1323.92,69,37,Widow,1
2057,1596.4,65,65,Single,0
2541,66.56,26,57,Single,0
9139,21.84,23,66,Single,0
1067,194.48,74,64,Married,0
3752,795.6,72,40,Married,0
9330,316.16,55,41,Married,0
3387,79.04,49,43,Together,0
1361,501.28,51,31,Together,0
4683,742.56,40,31,Single,0
5087,358.8,66,34,Divorced,0
6845,561.6,55,27,Married,0
9124,2187.12,14,14,Married,1
9530,679.12,50,43,Married,0
5870,873.6,68,20,Divorced,0
5219,160.16,60,70,Together,0
10675,69.68,17,71,Single,0
7026,920.4,83,27,Widow,1
9272,567.84,56,50,Married,0
6029,122.72,27,39,Married,0
9771,1524.64,67,15,Married,0
8747,926.64,40,25,Together,0
5898,2188.16,49,7,Married,1
5453,229.84,44,67,Together,0
4122,42.64,32,55,Married,0
6687,1996.8,77,19,Divorced,0
1771,93.6,79,52,Married,0
6280,50.96,14,59,Single,0
4757,1590.16,29,20,Divorced,0
3206,1529.84,58,18,Together,0
4897,33.28,71,62,Married,0
8543,1734.72,76,31,Married,1
7258,48.88,17,73,Single,0
2603,998.4,85,43,Divorced,0
2446,1116.96,72,34,Married,0
6963,795.6,46,19,Together,0
10278,44.72,24,69,Married,0
7064,1390.48,75,41,Married,0
7039,69.68,72,55,Single,0
7188,2377.44,61,19,BigConfusion,1
3144,1183.52,41,31,Single,0
10530,314.08,93,54,Married,0
7328,1120.08,70,32,Single,0
2628,42.64,53,64,Single,0
8037,312.0,65,53,Married,0
4175,411.84,58,29,Married,0
1197,123.76,82,46,Single,0
3162,1054.56,98,56,Single,0
3302,1598.48,64,53,Single,0
3637,1602.64,55,13,Together,1
9816,1801.28,61,13,Together,1
2990,39.52,62,48,Married,0
1344,48.88,48,71,Married,0
1877,1188.72,21,15,Single,0
10004,1129.44,31,9,Divorced,0
6780,33.28,76,56,Together,0
1805,1257.36,17,12,Together,0
7190,2058.16,15,8,Widow,0
3358,1267.76,72,34,Married,0
10904,19.76,66,66,Married,0
8802,314.08,25,61,Married,0
6632,43.68,4,51,Married,0
1349,154.96,87,72,Together,0
3901,153.92,45,60,Single,0
2738,20.8,49,45,Single,0
8780,565.76,92,39,Married,0
8482,869.44,69,20,Together,0
3996,1468.48,20,21,Married,0
9988,22.88,44,61,Divorced,0
4775,2445.04,40,16,Widow,0
1973,125.84,58,72,Married,0
10467,123.76,69,35,Single,0
3411,567.84,70,56,Together,0
7090,17.68,64,49,Single,0
3133,94.64,10,62,Single,0
2702,511.68,90,45,Married,0
8354,860.08,63,18,Single,0
10577,996.32,33,14,Widow,1
2826,1797.12,57,12,Married,1
4826,1522.56,71,39,Married,1
6149,70.72,44,33,Married,0
5263,39.52,4,64,Together,0
4468,190.32,31,55,Married,0
3241,268.32,27,57,Married,0
10631,513.76,29,14,Widow,0
5153,226.72,59,42,Single,0
9854,188.24,35,53,Single,0
10296,50.96,62,39,Married,0
5764,49.92,16,73,Divorced,0
2477,1736.8,63,32,Married,0
9191,2320.24,64,10,Married,0
4937,1263.6,21,28,Divorced,0
6485,2440.88,16,9,Together,1
4589,1665.04,34,20,Divorced,0
7872,34.32,21,52,Together,0
1024,316.16,67,60,Married,0
6869,860.08,48,45,Together,0
3070,1470.56,71,23,Married,0
3377,1864.72,46,13,Together,0
8604,1860.56,81,30,Married,0
6940,450.32,54,46,Married,0
6778,1593.28,73,32,Divorced,1
4595,265.2,81,54,Together,0
4601,191.36,59,39,Together,0
9469,1398.8,41,24,Married,1
3384,746.72,71,47,Married,0
2658,56.16,68,55,Married,0
7611,225.68,34,54,Together,0
7961,747.76,81,25,Together,0
10519,1797.12,15,14,Married,0
7898,32.24,74,61,Single,0
10262,359.84,67,53,Single,0
6158,126.88,19,47,Single,0
5162,625.04,67,52,Together,0
6318,1794.0,79,25,Together,0
8841,41.6,62,50,Married,0
1673,1796.08,26,21,Married,0
9785,1061.84,19,19,Single,0
9620,228.8,12,46,Single,0
6968,96.72,58,64,Together,0
10734,1664.0,30,18,Married,0
5072,10.4,45,60,Together,0
7041,80.08,20,40,Single,0
8105,351.52,63,41,Divorced,0
2597,34.32,9,67,BigConfusion,0
5724,932.88,55,38,Divorced,0
7384,1258.4,65,26,Together,0
2881,35.36,71,56,Together,0
6950,509.6,41,46,Married,0
10244,1460.16,35,22,Divorced,0
8393,123.76,15,39,Single,0
6464,41.6,92,35,Together,0
6209,2505.36,30,13,Together,1
4226,72.8,12,53,Single,0
2567,505.44,67,44,Married,0
7536,44.72,15,66,Single,0
4047,362.96,76,44,BigConfusion,0
5305,2318.16,59,16,Married,0
9706,52.0,13,62,Single,0
10114,56.16,28,42,Single,0
7774,732.16,91,54,Divorced,1
5817,507.52,92,53,Single,1
2479,74.88,31,65,Single,0
4442,46.8,14,35,Together,0
8479,798.72,52,38,Single,0
10844,1197.04,78,37,Married,0
3579,926.64,32,53,Single,0
3958,42.64,50,25,Single,0
8879,44.72,75,48,Married,0
3530,864.24,27,9,Widow,0
3143,1457.04,54,13,,0
2647,1664.0,25,13,Married,1
1017,16.64,6,51,Together,0
8123,1790.88,57,11,Together,1
3631,451.36,83,45,Single,0
8376,1667.12,47,18,Together,0
6581,270.4,34,37,Married,0
9384,2248.48,62,19,Married,0
7340,156.0,53,20,Married,0
1189,48.88,22,40,Single,0
6880,35.36,48,55,Married,0
4140,67.6,53,42,Together,0
2378,1933.36,78,19,Divorced,1
10781,508.56,79,46,Married,0
1370,98.8,21,58,Married,0
3357,41.6,81,45,Married,0
8648,361.92,35,22,Married,0
3267,1929.2,63,15,Married,0
9989,452.4,83,42,Divorced,0
10497,558.48,60,41,Married,0
8409,362.96,88,60,Married,0
9340,74.88,35,62,Single,0
2462,273.52,78,60,Together,0
1747,35.36,44,75,Single,0
8580,570.96,89,58,Together,0
5754,1331.2,44,21,Divorced,0
7498,20.8,17,55,Married,0
1756,14.56,40,55,Single,0
2393,19.76,47,52,Married,0
9655,1326.0,66,20,Married,0
2627,411.84,49,37,Single,0
1676,508.56,67,46,Widow,0
6881,61.36,10,68,Together,0
1395,871.52,16,14,Married,0
7857,19.76,18,56,Single,0
3359,160.16,28,67,Married,0
8463,2503.28,83,15,Widow,1
5428,67.6,71,45,Single,0
3028,20.8,16,56,Single,0
2662,1926.08,75,29,Married,1
3663,1933.36,35,18,Together,0
10310,73.84,55,57,Together,0
1889,55.12,39,62,Married,0
2511,314.08,89,62,Single,0
7951,1054.56,83,60,Single,0
4222,993.2,45,41,Together,0
4397,39.52,12,64,Single,0
8739,11.44,20,62,Together,0
1988,225.68,37,64,Married,0
10122,40.56,64,58,Divorced,0
3796,1527.76,27,17,Widow,0
10130,1529.84,61,30,Together,0
1467,1454.96,57,37,Together,1
2767,356.72,79,60,Together,0
9966,1186.64,18,18,Married,0
2341,2439.84,28,15,Divorced,1
7444,451.36,78,45,Divorced,0
4278,509.6,83,48,Divorced,0
4563,611.52,77,61,Single,0
8877,406.64,29,62,Single,0
8768,1398.8,53,11,Together,0
3780,862.16,35,44,Divorced,0
10648,154.96,58,61,Divorced,0
6035,45.76,54,31,Married,0
4428,39.52,22,55,Together,0
7385,1131.52,25,37,Married,0
2125,19.76,92,60,Married,0
4918,1199.12,61,29,Together,0
2543,43.68,41,48,Married,0
2720,42.64,41,36,Together,0
5700,1465.36,32,16,Widow,0
9533,1257.36,37,11,Married,0
9542,1069.12,37,12,Together,0
4015,16.64,30,51,Together,0
1007,358.8,71,46,Single,0
7931,803.92,28,38,Married,0
4530,795.6,43,14,Together,0
2493,9.36,24,59,Single,0
2172,2569.84,71,11,Together,0
5720,62.4,37,52,Single,0
2258,20.8,32,54,Together,0
9516,1184.56,41,17,Widow,0
1640,43.68,30,77,Together,0
6150,191.36,70,69,Together,0
9402,57.2,87,37,Married,0
9324,1401.92,73,20,Together,0
8607,56.16,35,65,Married,0
5316,306.8,81,46,Married,0
1441,855.92,33,19,Together,0
5600,1251.12,39,21,Single,0
5643,1401.92,9,11,Widow,0
4093,93.6,60,59,Married,0
8730,677.04,60,14,Divorced,0
10812,350.48,44,42,Together,0
8686,231.92,76,36,Married,0
5146,58.24,69,57,Married,0
2340,124.8,37,56,Married,0
10595,66.56,8,64,Single,0
8681,122.72,83,45,Together,0
8401,226.72,69,38,Married,0
8831,267.28,39,36,Married,0
5750,1130.48,64,14,Together,0
1471,2186.08,64,13,Married,0
7520,408.72,66,20,Single,0
5939,748.8,51,26,Together,0
10586,2508.48,43,11,Single,1
1163,1470.56,24,20,Married,0
2079,1792.96,47,13,Divorced,0
2727,1251.12,39,18,Married,0
8914,1256.32,41,38,Married,0
4266,933.92,24,12,Widow,0
10217,992.16,66,11,Married,0
4443,1993.68,29,22,Together,1
6870,2688.4,58,10,Married,1
9328,512.72,35,26,Together,0
9730,158.08,58,66,Married,0
1363,18.72,64,74,Single,0
2661,94.64,52,61,Single,0
9025,1201.2,28,7,Single,0
9111,512.72,63,51,Divorced,0
7901,459.68,94,44,Married,0
3788,229.84,74,57,Together,0
2097,42.64,23,76,Single,0
7303,1267.76,17,14,Divorced,0
2983,358.8,80,61,Married,0
10176,229.84,61,41,Divorced,0
5084,227.76,88,50,Single,0
7972,925.6,82,48,Divorced,0
9267,20.8,28,75,Married,0
2830,122.72,93,57,Single,0
7223,20.8,10,62,Married,0
9607,43.68,26,66,Married,0
3109,52.0,66,69,Married,0
4590,195.52,76,25,Married,0
5060,1666.08,58,20,Widow,1
7578,747.76,49,42,Single,0
8619,24.96,62,64,Married,0
1253,1397.76,30,20,Married,0
4849,54.08,59,52,Divorced,0
8951,95.68,28,56,Married,0
7507,37.44,81,53,Divorced,0
7877,405.6,87,56,Single,0
3511,67.6,55,51,Together,0
3010,618.8,18,35,Together,0
8819,36.4,67,36,Married,0
9853,93.6,29,61,Single,0
5511,1930.24,34,14,Married,0
4821,42.64,45,59,Married,0
1876,401.44,42,34,Married,0
2659,194.48,89,51,Single,0
2351,1597.44,56,14,Widow,0
1886,1257.36,82,32,Single,0
9460,735.28,74,46,Single,0
7733,1061.84,51,15,Married,0
6493,557.44,68,45,Single,0
1208,351.52,21,44,Together,0
5353,934.96,57,37,Divorced,0
5407,36.4,86,56,Divorced,0
1526,684.32,54,69,Together,0
7368,862.16,46,31,Widow,0
8537,795.6,70,37,Divorced,0
10511,61.36,48,65,Single,0
9765,400.4,22,64,Married,0
2918,451.36,70,54,Married,1
10867,36.4,57,53,Together,0
3134,68.64,55,71,Married,0
9181,194.48,19,17,Single,0
8196,931.84,66,33,Single,0
2168,1058.72,58,40,Divorced,0
4528,867.36,76,35,Single,1
8953,687.44,34,42,Single,0
6118,19.76,40,45,Together,0
6028,266.24,92,64,Married,0
4388,1993.68,62,21,Widow,0
1329,1319.76,71,39,Married,0
4971,230.88,83,21,Married,0
10470,1604.72,18,15,Together,1
2256,315.12,90,56,Married,0
6708,42.64,53,53,Married,0
3724,1466.4,81,31,Single,0
3777,266.24,51,32,Married,0
9184,1862.64,10,13,Together,0
6469,54.08,5,58,Single,0
6030,121.68,16,70,Together,0
7449,34.32,72,45,Married,0
8106,1523.6,29,12,Divorced,0
1004,923.52,60,35,Married,0
10398,558.48,54,45,Married,0
10617,1059.76,88,60,Married,0
7542,225.68,4,66,Single,0
9089,69.68,60,46,Married,0
5293,1602.64,21,9,Together,0
6920,1328.08,37,12,Divorced,0
10607,234.0,93,69,Divorced,0
9523,57.2,7,67,Single,0
8345,92.56,26,53,Single,0
10319,122.72,58,47,Together,0
10317,16.64,18,72,Single,0
2641,274.56,28,23,Married,0
1994,1667.12,76,46,Married,1
9021,93.6,28,63,Together,0
5307,55.12,97,37,Married,0
4273,405.6,71,55,Single,0
9779,94.64,68,61,Married,0
1749,36.4,38,56,Single,0
2262,614.64,53,10,Married,0
6194,265.2,70,62,Married,1
10132,234.0,84,59,Together,0
8998,45.76,38,53,Married,0
9887,68.64,62,37,Together,0
5701,2445.04,64,46,Widow,1
8130,11.44,34,62,Single,0
1226,2059.2,26,15,Married,0
10799,1401.92,93,40,Divorced,1
4392,456.56,37,32,Married,0
5670,989.04,47,23,Married,0
2718,402.48,52,43,Married,0
1385,121.68,62,59,Married,0
2546,90.48,42,25,Together,0
7804,272.48,55,29,Married,0
6234,315.12,66,24,Married,0
4604,1792.96,42,34,Married,0
1716,58.24,15,47,Married,0
2649,1590.16,50,16,Single,0
6451,555.36,57,51,Together,0
8812,1801.28,69,20,Together,1
8552,737.36,72,38,Married,0
7269,30.16,89,63,Together,0
7760,192.4,55,36,Together,0
9961,452.4,8,51,Together,0
7574,160.16,65,31,Married,0
3801,516.88,68,36,Married,0
2426,985.92,58,34,Married,0
4901,674.96,91,59,Married,0
2188,1732.64,47,12,Widow,1
2242,1131.52,22,13,Married,0
2031,1392.56,65,19,Married,0
5730,36.4,9,55,Single,0
7133,1597.44,41,11,Married,0
5007,121.68,51,33,Married,0
8454,990.08,41,15,Together,0
4964,92.56,77,49,Single,0
10488,1398.8,62,33,Single,0
9738,678.08,70,25,Single,0
9976,11.44,42,68,Together,0
10782,2378.48,44,16,Divorced,1
9284,66.56,66,59,Single,0
10523,30.16,11,61,Single,0
1139,1067.04,60,26,Married,0
3444,41.6,52,76,Married,0
5998,2191.28,38,21,Married,1
9888,272.48,67,30,Divorced,0
3329,24.96,15,54,Single,0
5312,93.6,82,44,Together,0
5086,412.88,57,39,Single,0
7341,2812.16,42,22,Married,1
10625,862.16,90,35,Together,0
10922,1659.84,23,14,Married,1
5405,29.12,12,68,BigConfusion,0
9663,872.56,39,31,Together,0
7589,309.92,56,49,Divorced,0
9482,159.12,42,32,Single,0
9180,934.96,80,46,Single,0
9355,2631.2,58,13,Together,1
8065,1322.88,38,14,Married,0
2003,121.68,83,49,Together,0
2999,797.68,21,17,Together,0
8725,78.0,24,49,Together,0
8814,687.44,89,57,Together,0
5580,2312.96,51,8,Married,1
6767,126.88,62,54,Married,0
9822,160.16,73,53,Married,0
6500,266.24,40,23,Together,0
8958,405.6,42,22,Married,0
7024,43.68,22,57,Single,0
5380,122.72,70,52,Married,0
2010,503.36,34,46,Together,0
2721,1528.8,82,53,Married,0
3475,1724.32,77,48,Married,1
7764,448.24,45,27,Single,0
10377,234.0,23,57,Single,0
4321,356.72,64,47,Married,0
3876,19.76,28,65,Married,0
5251,617.76,93,58,Married,1
8227,918.32,91,55,Divorced,0
6643,1123.2,51,15,Together,0
7078,159.12,4,52,Together,0
10768,506.48,50,25,Single,0
9547,1460.16,65,57,Single,0
8627,122.72,43,59,Together,0
9445,274.56,81,50,Married,0
10261,1064.96,58,35,Divorced,0
2191,14.56,74,68,Together,0
6055,274.56,35,50,Married,0
5344,19.76,48,39,Married,0
8487,264.16,69,41,Married,0
2814,41.6,40,60,Together,0
3549,65.52,28,52,Single,0
2730,47.84,39,39,Single,0
4912,629.2,41,12,Together,0
1959,1737.84,27,12,Together,1
3990,42.64,68,62,Single,0
9223,402.48,77,65,Together,0
8166,16.64,39,57,Together,0
8640,564.72,35,31,Together,0
2248,1794.0,15,10,Together,0
6242,32.24,37,67,Married,0
10696,1990.56,68,10,Married,1
9084,1995.76,31,18,Divorced,0
10651,801.84,85,54,Together,0
2152,34.32,31,64,Single,0
4363,864.24,72,63,Divorced,0
1721,123.76,39,55,Single,0
8476,94.64,12,47,Married,0
4463,61.36,41,52,Married,0
7249,1934.4,55,13,Married,0
9192,62.4,64,61,Single,0
2835,570.96,36,43,Divorced,0
5947,192.4,16,49,Together,0
7828,46.8,50,49,Together,0
1791,2059.2,30,8,Married,0
10565,93.6,57,51,Single,0
6774,453.44,68,27,Together,0
5145,61.36,42,61,Married,0
8308,96.72,65,72,Married,0
4159,43.68,30,31,Single,0
1250,42.64,15,66,Single,0
5830,53.04,81,53,Together,0
10546,43.68,18,35,Single,0
3465,1051.44,42,24,Single,0
6659,1598.48,54,12,Widow,0
6698,50.96,56,63,Together,0
4804,811.2,73,64,Married,0
2579,625.04,40,27,Widow,0
6148,1398.8,34,8,Widow,0
10357,742.56,62,55,Together,0
10548,863.2,44,23,Divorced,0
8197,1199.12,73,35,Divorced,0
8757,60.32,45,59,Divorced,0
10136,35.36,72,57,Together,0
10360,17.68,73,68,Single,0
2284,66.56,84,63,Single,0
4943,20.8,11,53,Married,0
10229,1395.68,49,13,Together,0
6583,1266.72,37,23,Single,0
6021,33.28,45,59,Divorced,0
6392,356.72,63,65,Single,0
1231,1258.4,76,36,Married,0
2586,809.12,28,21,Married,0
7324,920.4,42,20,Single,0
7517,867.36,39,30,Together,0
2843,32.24,16,62,Single,0
7595,1402.96,73,33,Together,0
4130,193.44,69,49,Together,0
5320,227.76,47,47,Together,0
10419,1186.64,78,61,Together,1
9754,1465.36,18,21,Married,0
4025,126.88,55,29,Together,0
1479,76.96,27,33,Single,0
9000,991.12,83,38,Divorced,0
6115,406.64,82,54,Widow,0
1818,37.44,24,36,Single,0
9072,57.2,71,62,Married,0
7731,231.92,73,17,Divorced,0
5182,1394.64,91,48,Single,0
4581,1127.36,84,45,Married,0
9870,270.4,79,39,Single,0
8874,2189.2,71,12,Single,1
8183,1669.2,61,15,Married,0
6291,17.68,2,58,Single,0
6316,269.36,77,37,Divorced,0
7667,922.48,33,24,Divorced,0
4250,2383.68,22,15,Together,1
10840,318.24,44,21,Married,0
9097,676.0,83,47,Single,0
7833,37.44,22,30,Single,0
7787,461.76,74,18,Together,0
2434,1259.44,59,51,Divorced,0
10471,873.6,39,16,Single,0
8303,273.52,73,30,Married,0
7582,2185.04,40,13,Married,0
5936,62.4,60,42,Single,0
9494,24.96,75,60,Married,0
1380,188.24,38,28,Married,0
7715,265.2,77,55,Single,0
6750,1598.48,12,5,Divorced,0
9039,2569.84,22,7,Together,0
9137,57.2,53,45,Single,0
8360,1991.6,40,8,Married,0
7189,125.84,75,65,Married,0
3189,41.6,5,54,Single,0
7556,308.88,69,26,Married,0
7430,20.8,40,45,Single,0
5285,1120.08,42,38,Single,1
6831,995.28,92,51,Together,1
9463,567.84,39,22,Married,0
3981,400.4,76,54,Divorced,0
5002,57.2,48,51,Married,0
10903,513.76,83,48,Divorced,0
10795,855.92,37,30,Single,0
10311,355.68,81,32,Married,0
1665,19.76,12,46,Single,0
4339,1068.08,43,28,Together,0
4272,54.08,28,61,Together,0
2000,68.64,37,54,Together,0
9548,194.48,55,54,Single,0
9481,2063.36,50,13,Married,0
4769,310.96,42,65,Single,0
2817,66.56,64,43,Married,0
9704,1589.12,32,14,Together,0
1070,1598.48,57,14,Single,0
10001,52.0,24,68,Married,0
4969,739.44,24,46,Married,0
6693,403.52,83,59,Married,0
8031,556.4,41,37,Divorced,0
8675,2192.32,25,10,Together,0
7294,263.12,39,52,Married,0
4790,36.4,66,52,Widow,0
5457,938.08,67,35,Together,0
10437,1201.2,93,41,Widow,1
10989,47.84,11,59,Single,0
4866,514.8,65,54,Together,0
7204,1202.24,59,29,Single,0
10785,93.6,66,69,Married,0
6465,1386.32,57,28,Married,0
10508,738.4,44,27,Married,0
6240,617.76,46,51,Married,0
10694,408.72,86,41,Single,0
2503,614.64,49,38,Together,0
8760,1665.04,37,13,Widow,1
5902,191.36,6,57,Single,0
9996,20.8,57,60,Together,0
4405,683.28,53,47,Married,0
8215,615.68,47,36,Together,0
7865,42.64,6,68,Single,0
6330,410.8,72,60,Married,0
6520,75.92,78,65,Single,0
3193,398.32,92,44,Together,0
6062,1394.64,65,48,Single,0
7925,1264.64,69,11,Widow,0
10092,514.8,56,40,Single,0
3670,799.76,46,46,Married,0
7109,1326.0,23,11,Widow,0
6288,69.68,8,60,Single,0
8493,1466.4,69,18,Divorced,0
8248,75.92,27,57,Married,0
8668,310.96,60,13,Together,0
1151,858.0,49,56,Single,0
9195,798.72,60,50,Married,0
3693,125.84,76,47,Married,0
2473,739.44,69,39,Divorced,0
7308,74.88,49,51,Single,0
3460,450.32,64,24,Married,0
3957,94.64,41,63,Single,0
2581,1189.76,87,44,Married,0
10642,2128.88,44,13,Divorced,0
9881,1267.76,39,14,Married,1
9792,66.56,67,59,Married,0
6271,55.12,10,70,Married,0
3561,1257.36,10,46,Single,0
9051,230.88,24,40,Divorced,0
8128,934.96,35,10,Married,1
10302,312.0,72,50,Divorced,0
9913,398.32,73,45,Together,0
6629,47.84,22,51,Single,0
4800,42.64,73,53,Widow,0
6082,46.8,53,63,Together,0
10918,744.64,67,27,Together,0
7354,315.12,71,57,Together,0
2071,516.88,72,56,Together,0
2629,274.56,65,60,Married,0
9108,1794.0,32,16,Divorced,0
1867,50.96,74,65,Single,0
8932,41.6,18,59,Single,0
8599,1596.4,44,17,Married,1
10500,1863.68,31,18,Married,0
10984,159.12,89,61,Married,0
9269,76.96,40,76,Married,0
10793,797.68,52,43,Married,0
6896,234.0,29,60,Together,0
7506,1992.64,30,23,Married,0
7963,362.96,85,51,Together,0
9467,48.88,10,62,Single,0
1280,267.28,69,62,Single,0
1930,68.64,59,48,Married,0
3831,1389.44,20,14,Married,0
6734,96.72,86,57,Together,0
5509,195.52,83,51,Widow,0
3120,56.16,31,62,Married,0
4837,404.56,94,45,Married,0
3828,22.88,6,56,Single,0
5773,12.48,18,59,Single,0
8909,360.88,62,39,Married,0
7083,272.48,89,61,Divorced,0
10427,1995.76,47,11,Together,0
10409,990.08,81,32,Single,0
6364,1463.28,79,19,Together,1
3430,58.24,49,57,Single,0
4104,1003.6,80,45,Married,0
1589,1059.76,38,38,Married,0
6642,926.64,86,36,Together,1
4447,398.32,60,37,Single,0
3421,1601.6,44,32,Married,0
6276,156.0,88,56,Married,0
8855,862.16,62,23,Together,0
8448,74.88,80,46,Single,0
4276,1197.04,78,41,Single,0
5246,36.4,12,69,Single,0
6710,627.12,65,36,Married,0
3494,1799.2,43,10,Together,0
8134,19.76,72,51,Together,0
7769,2252.64,36,8,Widow,0
10524,19.76,8,44,Together,0
3899,453.44,60,38,Divorced,0
6828,1930.24,46,14,Single,1
9277,96.72,47,35,Divorced,0
5618,1536.08,74,28,Together,0
10788,409.76,51,37,Married,0
1190,923.52,90,57,Together,0
2394,62.4,38,74,Single,0
10294,191.36,44,38,Together,0
3046,306.8,44,62,Divorced,0
2072,1801.28,19,17,Widow,1
5132,558.48,70,35,Together,0
8142,58.24,55,65,Married,0
4923,229.84,88,61,Married,0
9935,1660.88,25,11,Married,1
1724,231.92,55,45,Married,0
2792,28.08,31,58,Divorced,0
3077,1069.12,29,13,Married,0
6436,1459.12,35,10,Together,1
2373,191.36,32,58,Married,0
10110,44.72,71,59,Married,0
5854,157.04,62,67,Single,0
6725,272.48,35,31,Together,0
4532,936.0,81,29,Single,0
9138,360.88,59,55,Married,0
3051,1989.52,33,9,Widow,0
5907,68.64,82,48,Together,0
3910,737.36,85,50,Single,0
1686,351.52,77,63,Married,0
8499,67.6,68,48,Single,0
3964,123.76,19,61,Single,0
2802,1469.52,91,35,Together,0
7559,1404.0,50,40,Single,0
5975,121.68,49,41,Married,0
2725,158.08,55,66,Single,0
3315,67.6,5,67,BigConfusion,0
1382,629.2,82,61,Together,0
10434,160.16,53,47,Single,0
6567,228.8,36,60,Married,0
6910,873.6,35,29,Single,0
3905,1528.8,69,52,Together,0
1384,412.88,34,33,Married,0
1155,264.16,61,63,Single,0
2405,43.68,68,51,Single,0
1177,513.76,87,61,Together,0
1220,867.36,54,23,Single,0
5234,1535.04,76,53,Married,0
6802,37.44,35,44,Married,0
4294,744.64,50,21,,0
7743,153.92,74,56,Married,0
4731,1058.72,49,17,Widow,0
8406,925.6,58,64,Together,0
1174,794.56,34,25,Married,0
2126,1190.8,56,28,Divorced,0
10289,565.76,33,23,Married,0
2182,94.64,67,64,Married,0
9665,1603.68,47,30,Divorced,0
5178,399.36,55,38,Married,0
1808,43.68,31,40,Single,0
4472,1531.92,52,44,Together,0
1701,462.8,90,66,Married,0
4756,48.88,31,84,Married,0
6381,458.64,40,42,Together,0
10011,10.4,27,69,Married,0
3215,1665.04,49,14,Married,1
8004,2063.36,57,26,Single,1
3121,43.68,23,45,Single,0
5948,226.72,55,50,Married,0
7251,614.64,50,30,Single,0
6173,568.88,84,45,Together,0
2379,1732.64,49,15,Married,0
4178,1794.0,32,15,Married,0
10412,68.64,51,69,Single,0
5766,2126.8,36,10,BigConfusion,0
1679,14.56,37,23,Single,0
4565,735.28,57,49,Married,0
4496,122.72,37,40,Married,0
8291,560.56,38,31,Married,0
8821,361.92,58,54,Together,0
9954,190.32,28,78,Single,0
5460,407.68,77,54,Single,0
4942,313.04,84,43,Together,0
5575,2248.48,42,16,Married,1
1671,563.68,60,57,Married,0
3399,617.76,34,29,Single,0
8873,315.12,67,59,Married,0
3374,57.2,30,73,Married,0
10465,157.04,55,71,Single,0
2333,461.76,67,44,Together,0
6075,20.8,55,36,Single,0
4986,42.64,35,35,Single,0
2986,681.2,8,51,Together,0
3085,49.92,38,65,Together,0
6083,561.6,93,48,Single,0
6319,361.92,37,31,Married,0
10828,2192.32,28,16,Married,1
9680,567.84,27,11,Divorced,0
8276,24.96,30,65,Married,0
1209,1257.36,95,36,Married,0
9435,1061.84,51,8,Single,0
5171,14.56,61,39,Widow,0
6449,159.12,11,60,,0
3489,76.96,29,44,Together,0
5822,806.0,75,50,Together,0
6071,66.56,74,40,Together,0
7880,17.68,63,56,Together,0
8092,57.2,7,57,Single,0
7477,121.68,64,43,Married,0
1369,1794.0,7,17,Married,0
9552,685.36,37,17,Married,0
6934,801.84,84,45,Divorced,0
6179,309.92,78,46,Married,1
5864,1596.4,46,17,Married,0
10713,41.6,54,64,Together,0
7458,43.68,71,66,Single,0
2885,43.68,23,72,,0
1094,624.0,91,44,Widow,0
4362,56.16,25,56,Married,0
10629,355.68,64,29,BigConfusion,0
8271,23.92,11,57,Single,0
10951,58.24,39,39,Widow,0
1137,1190.8,51,20,Together,0
2897,1869.92,58,16,Together,0
8109,1867.84,88,20,Single,0
1393,41.6,36,44,Divorced,0
3841,1530.88,40,7,Divorced,0
1102,811.2,24,23,Divorced,0
9023,22.88,9,70,Single,0
10298,32.24,43,56,,0
2023,1264.64,47,23,Divorced,0
7016,1932.32,34,26,Married,0
7891,2381.6,63,15,Together,1
2060,673.92,27,28,Married,0
4395,1521.52,53,18,Married,0
4117,31.2,22,63,Single,0
2560,190.32,17,39,Divorced,0
3195,67.6,74,56,Together,0
9372,1395.68,33,12,Divorced,0
4046,570.96,62,44,Together,0
2506,71.76,12,67,Single,0
5611,1927.12,15,13,Single,0
5401,66.56,5,65,Single,0
10942,35.36,70,57,Together,0
3355,23.92,49,48,Together,0
10348,510.64,83,43,Married,0
9632,1326.0,21,26,Widow,0
1129,66.56,81,57,Married,0
1811,1387.36,57,20,Single,0
4667,45.76,51,45,Married,0
9679,1000.48,86,60,Together,0
7618,67.6,5,59,Single,0
5887,88.4,3,64,Single,0
9044,679.12,57,56,Single,0
2875,47.84,8,70,Single,0
4983,1601.6,32,11,Divorced,0
4477,1863.68,68,43,Together,0
2588,93.6,82,39,Single,0
7953,615.68,89,43,Divorced,0
4247,2505.36,28,14,Divorced,1
4706,1328.08,30,19,Together,0
8570,356.72,88,33,Divorced,0
6995,503.36,45,36,Divorced,0
6604,230.88,57,56,Married,0
3684,500.24,93,54,Divorced,0
1075,1261.52,42,25,Divorced,0
1703,1858.48,59,22,Together,1
2793,78.0,25,64,Single,0
9091,24.96,43,48,Together,0
9945,37.44,38,44,Married,0
4588,1055.6,83,38,Single,1
10623,64.48,48,58,Divorced,0
7431,263.12,56,47,Together,0
7591,673.92,70,50,Married,0
1089,122.72,81,60,Married,0
5736,507.52,60,47,Married,0
2331,1054.56,39,29,Married,0
5197,66.56,44,29,Married,0
9797,11.44,69,60,Together,0
7426,305.76,51,55,Single,0
2424,30.16,10,64,Single,0
7063,125.84,83,64,Single,0
1608,2185.04,46,17,Together,1
10509,1133.6,65,28,Together,0
3836,854.88,31,48,Married,0
3122,360.88,89,44,Together,0
5958,613.6,59,41,Single,0
10898,68.64,78,56,Together,0
7937,268.32,77,50,Single,0
1010,19.76,18,39,Single,0
5239,125.84,85,63,Together,0
1514,16.64,31,43,Married,0
4026,158.08,25,55,Married,0
1666,922.48,66,26,BigConfusion,0
6847,360.88,27,43,Married,0
10816,450.32,90,59,Married,0
5983,1669.2,29,20,Married,0
10994,931.84,68,55,Married,0
4069,41.6,43,51,Single,0
2217,626.08,37,17,Single,0
4721,1066.0,93,44,Married,0
6025,46.8,3,53,Single,0
4401,451.36,85,50,Married,0
4030,791.44,78,51,Divorced,0
9577,1191.84,59,29,Together,1
3212,47.84,19,60,Married,0
9493,1537.12,58,24,Married,0
4262,79.04,51,65,Together,0
9251,41.6,78,49,Together,0
5651,509.6,28,35,Married,0
8805,2056.08,29,11,Together,0
10374,1268.8,39,18,Married,0
6042,55.12,52,73,Together,0
7373,1120.08,10,17,Married,0
3044,41.6,90,57,Single,0
10552,34.32,66,72,Married,0
1598,678.08,47,31,Single,0
6358,50.96,49,58,Together,0
6120,1330.16,31,10,Widow,0
7252,619.84,82,51,Single,0
8057,864.24,85,54,Married,0
6511,677.04,88,39,Married,0
10863,47.84,42,59,Single,0
4960,46.8,46,58,Married,0
2508,2378.48,29,10,Together,1
8411,92.56,58,72,Single,0
2165,1860.56,30,43,Single,0
10937,188.24,81,45,Married,0
10554,569.92,33,35,Single,0
8396,411.84,91,46,Married,0
4039,34.32,10,45,Single,0
7813,41.6,58,52,Married,0
7482,228.8,70,45,Together,0
5201,1253.2,70,29,Married,0
8791,44.72,20,69,Single,0
3925,996.32,77,42,Married,0
7820,43.68,78,39,Together,0
9007,1536.08,22,27,Married,0
4543,38.48,10,56,Together,0
9719,502.32,48,40,BigConfusion,0
9350,92.56,13,57,Single,0
5944,19.76,16,68,Single,0
6310,193.44,52,68,Married,0
10355,18.72,35,39,Divorced,0
10893,56.16,19,63,Married,0
7221,121.68,75,52,Married,0
6057,228.8,83,65,Married,0
7006,351.52,91,49,Married,0
6550,225.68,74,54,Single,0
5345,1200.16,45,30,Divorced,0
3582,36.4,16,65,Single,0
1099,49.92,66,64,Married,0
1697,72.8,76,43,Married,0
5059,39.52,25,73,Together,0
9205,361.92,60,27,Married,0
3017,93.6,57,51,Single,0
9852,986.96,65,23,Together,0
7789,67.6,53,52,Together,0
1375,76.96,20,74,Single,0
5984,31.2,59,51,Single,0
4254,63.44,6,55,Single,0
2851,1256.32,87,24,Married,1
5906,669.76,49,37,Together,0
3055,862.16,85,37,Married,0
5831,67.6,33,47,Married,0
1458,1460.16,45,21,Married,0
5715,450.32,14,48,Single,0
7912,19.76,43,46,Single,0
9347,42.64,15,72,Single,0
3461,34.32,16,66,Married,0
5763,807.04,75,48,Single,0
5411,745.68,45,28,Married,0
3798,1183.52,68,22,Married,0
2724,68.64,64,53,Single,0
7580,20.8,32,61,Divorced,0
4709,1729.52,45,11,Married,0
6586,195.52,88,41,Married,0
2371,44.72,74,59,Married,0
1523,1131.52,50,57,Married,0
1303,360.88,47,27,Together,0
6506,267.28,79,75,Married,0
10925,126.88,4,58,Single,0
9008,2813.2,56,18,Divorced,1
4189,230.88,45,63,Married,0
8364,53.04,21,50,Divorced,0
2577,47.84,81,44,Married,0
5635,318.24,82,45,Single,1
7577,352.56,7,50,Together,0
5954,352.56,75,49,Together,0
9234,354.64,59,46,Together,1
2440,1470.56,72,35,Married,1
10576,1001.52,57,44,Married,0
7265,799.76,95,61,Married,0
5874,558.48,39,42,Married,0
9774,74.88,79,55,Single,0
5015,266.24,81,57,Married,0
9869,872.56,67,47,Married,0
2369,229.84,61,33,Married,0
7783,1119.04,68,43,Together,0
1299,52.0,41,65,Single,0
7742,869.44,63,41,Married,0
8485,566.8,59,30,Single,0
4920,1265.68,47,11,Married,0
3607,450.32,87,43,Married,0
1837,569.92,69,48,Together,0
7205,43.68,50,54,Divorced,0
6859,1860.56,78,53,Married,0
1744,1192.88,80,42,Together,0
2677,1461.2,85,32,Together,0
5459,59.28,74,64,Married,0
2640,1931.28,31,10,Married,0
9418,1601.6,40,18,Married,0
8712,316.16,53,24,Married,0
4533,1527.76,51,29,Single,0
2484,871.52,49,26,Together,0
7071,1000.48,22,36,Married,0
7659,188.24,39,54,Single,0
6139,308.88,45,34,Single,0
9697,19.76,59,57,Married,0
9880,361.92,62,54,Married,0
1834,1865.76,50,61,Together,0
10066,26.0,23,60,Single,0
7017,353.6,51,41,Together,0
1737,862.16,89,48,Married,0
8351,42.64,66,59,Married,0
7844,738.4,19,11,Married,0
10410,918.32,51,24,Married,0
10238,865.28,68,51,Married,0
5521,126.88,90,67,Married,0
4135,20.8,81,45,Single,0
3076,26.0,21,60,Together,0
4257,629.2,96,62,Married,0
7067,613.6,86,43,Single,0
2221,126.88,40,36,Married,0
2475,872.56,68,29,Married,0
6768,20.8,31,74,Together,0
10930,52.0,80,58,Married,0
3160,96.72,94,53,Single,0
4710,1469.52,42,15,Together,0
1978,1591.2,37,27,Together,1
8310,34.32,8,64,Married,0
3407,863.2,91,50,Single,0
2809,1935.44,26,24,Divorced,0
6590,999.44,62,39,Together,0
7290,62.4,68,54,Single,0
4513,924.56,50,14,Married,0
5472,44.72,10,61,Single,0
9454,802.88,69,47,Together,0
7137,1190.8,46,32,,0
8598,59.28,19,58,Single,0
7927,350.48,92,59,Single,0
3980,2125.76,36,7,Widow,0
4134,361.92,41,73,Together,0
5133,1132.56,72,44,Married,0
5168,1461.2,43,10,Together,0
9902,1060.8,20,10,Single,0
2416,270.4,46,62,Divorced,0
10506,1185.6,50,10,Divorced,0
4167,1053.52,33,44,Single,0
5974,673.92,49,28,Married,0
8650,506.48,30,61,Single,0
5258,1864.72,23,9,Married,0
3533,1998.88,42,15,Married,1
3576,460.72,71,25,Together,0
4597,1061.84,67,51,Married,0
10592,61.36,10,63,Single,0
4170,315.12,40,39,Together,0
8273,19.76,75,56,Married,0
5210,1662.96,33,20,Single,0
10212,2058.16,60,17,Together,1
6744,157.04,27,62,Together,0
10332,57.2,33,60,Single,0
9928,15.6,57,60,Together,0
3378,996.32,16,17,Together,0
10428,984.88,50,30,Married,0
1076,153.92,68,54,Married,0
9524,265.2,89,48,Married,0
4768,452.4,59,28,Together,0
2734,19.76,27,64,Together,0
1626,14.56,33,62,Single,0
6483,610.48,26,23,Together,0
9664,622.96,27,51,Together,0
9389,49.92,47,48,Together,0
2486,2060.24,34,11,Married,1
4824,1929.2,25,14,BigConfusion,0
1801,17.68,80,53,Divorced,0
7492,152.88,55,37,Single,0
9539,405.6,31,55,Married,0
7072,402.48,63,34,Single,0
8221,1594.32,46,34,Married,0
4888,2190.24,88,41,Divorced,0
7489,13.52,44,64,Married,0
8595,92.56,77,58,Married,0
7326,188.24,61,58,Together,0
4202,195.52,91,56,Together,0
3492,194.48,80,54,Married,0
10399,55.12,3,57,Single,0
7672,38.48,41,56,Single,0
4638,860.08,67,49,Divorced,0
5175,94.64,37,55,Single,0
1415,2253.68,57,18,Single,1
8129,1399.84,50,8,Together,0
1528,1658.8,61,40,Married,0
6670,1532.96,52,25,Married,0
9401,95.68,74,50,Married,0
2997,411.84,68,56,Married,0
4180,1867.84,61,16,Married,0
2198,41.6,37,50,BigConfusion,0
3409,42.64,54,54,Single,0
5851,22.88,77,64,Together,0
5911,41.6,29,58,Together,0
9081,2254.72,51,17,Together,1
7219,65.52,35,48,Single,0
5318,1929.2,84,24,Married,1
2186,929.76,77,46,Widow,0
7339,2123.68,23,15,Together,0
6138,57.2,6,70,Single,0
9096,1387.36,24,18,Single,0
1584,2508.48,58,8,Together,1
5788,265.2,74,39,Married,0
1461,26.0,19,33,Together,0
10790,66.56,55,63,Single,0
1235,450.32,82,48,Divorced,0
7543,730.08,88,55,Single,0
1193,515.84,41,29,Together,0
10977,1116.96,68,54,Married,0
10727,409.76,71,24,Widow,0
1440,71.76,52,51,Married,0
8600,411.84,39,63,Together,0
3091,928.72,84,20,Married,0
9636,67.6,14,36,Married,0
10277,46.8,43,42,Divorced,0
9301,1330.16,36,23,Widow,0
4570,1067.04,89,38,BigConfusion,0
7884,39.52,10,61,Single,0
1241,859.04,37,30,Together,0
2307,66.56,7,72,Together,0
3022,317.2,62,41,Together,0
1570,406.64,81,45,Married,0
2552,365.04,28,36,Divorced,0
1406,734.24,36,23,Divorced,0
10118,1393.6,28,17,Widow,0
7392,96.72,9,57,Together,0
3132,66.56,78,27,Together,0
7620,1727.44,19,11,Together,0
7175,42.64,42,59,Together,0
6154,512.72,47,36,Married,0
2009,19.76,8,63,Single,0
4366,19.76,59,60,Married,0
3351,734.24,26,24,Divorced,0
7238,318.24,36,46,Single,0
3495,808.08,80,49,Married,0
6903,1665.04,70,8,Widow,0
3675,1469.52,31,42,Together,1
1394,1523.6,57,19,Together,0
6360,52.0,40,54,Married,0
2606,158.08,85,45,Married,0
9942,350.48,62,40,Married,0
7714,160.16,24,25,Together,0
4163,405.6,89,34,Single,0
7383,76.96,43,64,Married,0
5497,669.76,92,39,Together,0
5843,563.68,58,27,Together,0
10956,16.64,89,59,Married,0
3100,1262.56,66,29,Married,0
3869,96.72,79,45,Married,0
5449,126.88,44,60,Together,0
1545,57.2,31,52,Single,0
6496,1254.24,59,27,Widow,1
3543,358.8,72,60,Together,0
7854,612.56,84,46,Married,0
5644,20.8,16,55,Married,0
1650,41.6,60,59,Together,0
4416,500.24,96,58,Together,1
5122,39.52,47,70,Together,0
1221,1186.64,25,10,Widow,0
5232,1733.68,36,17,Together,0
10901,1670.24,43,12,Together,0
8198,16.64,8,42,Married,0
1841,187.2,55,45,Married,0
3997,1068.08,66,22,Widow,0
10204,26.0,6,45,Single,0
8222,1328.08,59,15,Single,0
1019,37.44,19,50,Single,0
4183,1063.92,55,28,Married,0
4045,11.44,55,36,Married,0
7174,16.64,17,69,Together,0
1881,559.52,39,26,Single,0
7227,68.64,90,49,Together,0
4402,2250.56,54,36,Married,0
5863,28.08,21,41,Single,0
10052,555.36,74,53,Single,0
4558,989.04,41,16,Together,0
2528,17.68,82,60,Married,0
3282,1664.0,52,41,Married,0
3733,20.8,59,59,Together,0
5987,516.88,69,27,Divorced,0
1836,687.44,74,51,Together,0
10492,1393.6,62,33,Single,1
1290,806.0,29,31,Single,0
1108,35.36,10,64,Single,0
6004,1399.84,71,17,Married,1
6000,270.4,40,61,Together,0
2863,1319.76,23,19,Married,0
9929,1598.48,72,13,Together,0
8842,90.48,11,57,Single,0
2523,1924.0,39,20,Single,0
5505,919.36,79,43,Married,0
9587,922.48,45,20,Married,0
1216,121.68,22,50,Single,0
2532,404.56,94,58,Divorced,0
9906,567.84,72,33,Widow,1
8099,1265.68,21,23,Divorced,0
1450,225.68,73,43,Single,0
7253,1527.76,72,25,Married,0
6411,68.64,4,64,Together,0
10177,2320.24,74,14,Together,1
1539,231.92,17,67,Single,0
3243,123.76,86,63,Together,0
4333,1329.12,49,28,Together,0
5425,855.92,46,24,Single,0
1908,1732.64,50,12,Together,0
2700,992.16,77,56,Together,0
4141,67.6,55,69,Together,0
2731,93.6,63,39,Single,0
9197,10.4,33,67,Single,0
4486,20.8,36,29,Divorced,0
6838,2123.68,30,17,Together,0
6994,625.04,48,36,Together,0
4582,60.32,54,59,Married,0
6660,1062.88,72,37,Married,0
8347,1657.76,64,14,Married,0
4315,1320.8,69,45,Married,0
10986,195.52,6,47,Together,0
2880,15.6,31,73,Married,0
4396,1525.68,65,29,Single,0
1753,313.04,86,47,Married,0
1058,126.88,12,55,Married,0
4890,1252.16,25,10,Widow,0
6694,41.6,14,71,Together,0
7256,991.12,33,12,Married,0
1486,1525.68,60,15,Married,0
7633,123.76,49,32,Single,0
4817,793.52,64,41,Together,0
5193,65.52,25,72,Married,0
7443,228.8,83,49,Single,0
8385,687.44,51,18,Together,0
1556,2122.64,67,34,Married,0
9310,793.52,88,44,Single,0
4770,1453.92,36,50,Married,0
4474,455.52,79,50,Together,0
6208,271.44,65,41,Married,0
3142,19.76,38,33,BigConfusion,0
10482,47.84,27,70,Married,0
5686,75.92,78,34,Together,0
7730,1334.32,10,15,Married,0
8806,1595.36,38,12,Widow,0
1038,462.8,53,38,Married,0
8213,191.36,42,33,Single,0
6034,26.0,53,64,Single,0
6796,565.76,86,57,Single,0
8404,269.36,35,40,Married,0
9639,38.48,56,52,Together,0
2928,94.64,15,75,Single,0
4794,83.2,14,61,Together,0
10210,669.76,54,53,Married,0
3232,194.48,85,51,Together,0
4285,55.12,35,52,Together,0
2973,1266.72,30,28,Married,0
1532,1791.92,68,15,Married,0
5149,365.04,54,21,Married,0
9873,2316.08,26,15,Together,1
6685,125.84,69,58,Divorced,0
10973,624.0,21,23,Together,0
6871,453.44,54,51,Married,0
6146,1321.84,56,32,Together,0
7626,401.44,31,39,Married,0
8915,733.2,55,24,Together,0
7343,921.44,22,10,Married,0
9864,17.68,24,62,Single,0
6017,624.0,52,35,Together,1
3490,46.8,59,77,Married,0
10520,1661.92,39,16,Married,0
9117,862.16,29,22,Single,0
7283,1319.76,20,12,Together,0
7390,16.64,43,49,Married,0
9889,122.72,82,60,Divorced,0
3176,1537.12,50,16,Single,0
5531,676.0,46,19,Married,0
1460,688.48,54,33,Married,0
3531,13.52,16,41,Together,0
7150,1127.36,48,26,Widow,0
4702,96.72,83,66,Married,0
2246,447.2,83,54,Together,0
5169,1590.16,40,9,Divorced,0
4508,1061.84,84,41,Married,0
4656,1067.04,63,49,Married,0
8713,29.12,36,62,Married,0
2306,157.04,87,58,Married,0
9118,1252.16,69,27,Married,0
9979,34.32,44,62,Single,0
3012,14.56,12,62,Together,0
7157,47.84,12,73,Single,0
5294,797.68,56,34,Married,0
7718,1662.96,47,12,Widow,0
2267,930.8,96,47,Divorced,0
10267,270.4,69,39,Together,0
7629,1661.92,54,10,Together,0
3972,75.92,71,62,Together,0
5125,41.6,25,29,Single,0
7839,1183.52,36,19,Divorced,1
2524,126.88,17,45,Together,0
5813,1660.88,42,53,Married,1
5574,42.64,75,67,Married,0
9090,2256.8,61,13,Married,0
6956,354.64,86,57,Married,0
5845,740.48,64,25,Divorced,0
10059,156.0,79,57,Together,0
5742,15.6,71,56,Married,0
7903,193.44,23,66,Single,0
5290,938.08,56,41,Together,0
9376,619.84,38,32,Single,0
9905,34.32,29,56,Together,0
8991,502.32,92,50,Single,0
6666,681.2,77,52,Divorced,0
1123,1335.36,54,27,Single,0
7233,123.76,62,40,Married,0
6363,67.6,31,44,Single,0
3146,73.84,57,42,Divorced,0
10338,406.64,83,56,Married,0
10948,2124.72,20,14,Together,1
8817,1454.96,40,12,Together,1
2312,268.32,80,52,Single,0
1904,1460.16,64,26,Single,0
10784,398.32,32,38,Together,0
7847,991.12,50,46,Widow,0
5517,398.32,82,55,Single,0
8611,1664.0,24,14,Married,0
10997,1734.72,61,45,Together,0
2346,269.36,67,73,Married,0
1188,798.72,83,41,Single,0
5036,929.76,69,30,Married,0
4342,362.96,49,58,Single,0
3272,67.6,15,61,Single,0
1802,33.28,61,61,Married,0
6818,72.8,16,66,Single,0
7076,807.04,63,33,Married,0
1263,920.4,26,25,Married,0
7153,195.52,92,44,Divorced,0
5555,42.64,86,75,Together,0
6891,621.92,48,25,Married,0
10659,404.56,77,44,Together,0
10301,985.92,67,61,Together,0
10250,1600.56,50,18,Married,1
8871,671.84,92,41,Divorced,0
10172,1335.36,40,26,Widow,0
3583,28.08,58,62,Together,0
3802,1121.12,74,13,Together,0
7812,263.12,75,29,Divorced,0
3169,122.72,48,37,Married,0
1358,991.12,78,31,Single,0
8843,2193.36,32,13,Divorced,1
8472,360.88,48,53,Together,0
1761,68.64,80,35,Married,0
7982,9.36,28,68,Married,0
1962,9.36,47,55,Married,0
10290,42.64,73,55,Divorced,0
10507,559.52,73,37,Married,0
3858,1193.92,35,25,Together,0
7540,617.76,36,52,Divorced,0
1159,124.8,70,46,Together,0
10680,75.92,4,41,Single,0
3009,39.52,40,64,Married,0
7034,1266.72,79,25,Married,0
4101,24.96,27,54,Married,0
6585,19.76,55,57,Married,0
6724,65.52,10,68,Single,0
6631,30.16,27,73,Single,0
10892,195.52,70,55,Married,0
5741,403.52,63,45,Single,0
1091,229.84,66,54,Single,0
4596,615.68,89,44,Married,0
1114,20.8,19,59,Single,0
8884,1463.28,87,46,Married,0
10014,1670.24,58,36,Divorced,0
10202,936.0,80,38,Married,0
2824,52.0,18,57,Single,0
8414,855.92,30,36,Married,0
9908,455.52,27,39,Single,0
5789,79.04,62,53,Single,0
6574,1387.36,62,30,Divorced,0
8453,983.84,59,15,Divorced,0
5335,24.96,30,73,Single,0
2819,269.36,60,56,Single,0
6563,1128.4,96,48,Divorced,0
8514,860.08,75,26,Married,0
5026,1391.52,79,31,Widow,0
6856,124.8,76,64,Single,0
5417,20.8,46,67,Married,0
7407,684.32,71,47,Married,0
3148,2691.52,53,9,Married,0
8574,1737.84,47,16,Married,0
6144,20.8,36,57,Married,0
3285,1257.36,78,11,Widow,0
3585,156.0,55,47,Together,0
8228,672.88,92,55,Married,0
10200,2568.8,65,40,Married,1
3464,124.8,63,46,Single,0
10414,669.76,85,48,Together,0
10852,2567.76,49,36,Single,1
9047,2127.84,48,14,Married,1
1873,1459.12,57,18,Widow,0
9178,29.12,25,61,Divorced,0
7396,272.48,64,63,Divorced,0
1796,1063.92,31,21,Divorced,0
6672,52.0,5,58,Single,0
5771,1523.6,28,16,Divorced,1
5143,52.0,15,63,Married,0
2175,1725.36,37,12,Married,0
2821,68.64,55,69,Married,0
10836,1996.8,45,10,Together,0
5802,67.6,86,65,Together,0
8511,1258.4,55,53,Married,1
10050,38.48,56,67,Together,0
4409,1990.56,34,13,Together,0
8711,68.64,42,36,Married,0
4902,1462.24,53,29,Single,0
9287,998.4,73,40,Married,0
10569,458.64,70,53,Together,0
8891,19.76,67,66,Single,0
1175,55.12,47,48,Together,0
3153,2382.64,36,9,Divorced,1
4927,154.96,38,40,Single,0
1677,1134.64,42,16,Married,0
9329,124.8,78,50,Married,0
9177,125.84,41,55,Single,0
7140,1800.24,41,19,Married,0
8363,2815.28,41,13,Married,1
10088,507.52,38,57,Single,0
2204,42.64,33,67,Married,0
7861,157.04,34,48,Divorced,0
9323,14.56,83,55,Together,0
10327,318.24,28,47,Divorced,0
9757,33.28,68,56,Married,0
7305,21.84,42,59,Single,0
5589,999.44,46,28,Divorced,0
6827,191.36,55,52,Together,0
1275,2060.24,35,12,Single,0
4987,992.16,64,57,Widow,0
4451,16.64,46,49,Married,0
1698,686.4,43,44,Divorced,0
10677,2000.96,44,6,Widow,0
5282,1262.56,34,15,Together,0
8365,31.2,6,53,Married,0
3151,229.84,47,54,Single,0
9240,1456.0,14,14,Married,0
2670,48.88,38,61,Single,0
4970,272.48,10,70,Single,0
2926,687.44,66,71,Married,0
10093,229.84,84,46,Married,0
7177,16.64,61,63,Divorced,0
4879,2249.52,38,18,Married,0
8828,613.6,91,54,Single,0
3570,90.48,48,39,Single,0
9995,230.88,71,44,Divorced,0
9125,310.96,24,35,Single,0
2936,32.24,9,65,Together,0
6812,15.6,49,55,Together,0
8446,43.68,31,43,Together,0
1345,1393.6,93,48,Married,0
4320,34.32,3,58,Single,0
9525,858.0,21,32,Together,0
10249,1327.04,34,51,Married,0
1003,45.76,32,59,,0
3830,737.36,78,39,Together,0
3139,1050.4,47,34,Married,0
7680,11.44,15,44,Single,0
4303,1802.32,32,13,Widow,0
7798,1060.8,66,35,Married,0
4760,37.44,55,32,Single,0
10143,123.76,88,63,Single,0
2692,272.48,78,50,Divorced,0
1267,45.76,11,70,Single,0
3453,9.36,37,48,Married,0
2131,449.28,82,70,Married,0
5919,1796.08,34,14,Married,0
1933,33.28,6,64,Single,0
3672,66.56,73,56,Married,0
8443,55.12,84,51,Single,0
3509,70.72,45,52,Together,0
1161,559.52,94,47,Together,0
4373,1393.6,28,11,Together,0
7403,315.12,57,56,Together,0
8175,17.68,54,42,Single,0
4006,352.56,20,35,Together,0
5920,874.64,92,54,Married,0
5815,350.48,3,52,Together,0
8521,1726.4,43,41,Married,0
9065,925.6,77,53,Single,0
7348,405.6,78,65,Single,0
7541,66.56,76,50,Married,0
6180,2314.0,70,11,Single,1
1451,34.32,29,28,Single,0
7159,1454.96,86,44,Single,0
9630,48.88,5,66,Together,0
1529,1796.08,54,19,Widow,0
9967,1067.04,58,57,Single,0
6331,1068.08,66,13,Together,0
1401,1334.32,74,30,Married,1
10126,1734.72,45,26,Single,0
6072,52.0,53,54,Together,0
5733,628.16,63,35,Single,1
8732,78.0,26,52,Together,0
1388,1261.52,77,31,Divorced,0
10247,267.28,84,42,,0
3756,18.72,28,59,Together,0
1022,122.72,5,57,Single,0
8987,20.8,57,49,Single,0
9244,14.56,24,39,Together,0
8212,26.0,28,54,Single,0
7460,16.64,40,60,Married,0
5148,627.12,29,42,Together,0
7247,1463.28,58,12,Together,0
7051,224.64,42,49,Single,0
6655,94.64,92,64,Married,0
9920,1858.48,31,14,Together,0
8023,1123.2,85,34,Married,0
2796,993.2,48,26,Together,0
1854,1252.16,56,31,Single,0
7565,189.28,84,72,Married,0
8703,412.88,75,65,Divorced,0
5607,462.8,41,23,Married,0
4433,365.04,44,34,Married,0
6301,33.28,34,68,Single,0
4836,46.8,84,64,Together,0
4032,30.16,33,56,Together,0
10733,1184.56,85,28,Divorced,0
2803,52.0,43,58,Married,0
7523,195.52,90,58,Together,0
9860,42.64,11,50,Together,0
3687,54.08,24,60,Together,0
1748,20.8,54,66,Married,0
9610,194.48,86,56,Married,0
5136,2692.56,34,12,Married,1
3276,95.68,41,42,Single,0
10668,1131.52,53,36,,0
7784,801.84,89,52,Married,0
8288,356.72,90,43,Divorced,0
2857,628.16,89,55,Married,0
6346,1185.6,87,57,Married,0
1051,26.0,84,41,Together,0
9828,352.56,46,42,Married,0
5683,20.8,9,56,Single,0
6421,122.72,85,61,Married,0
2970,1668.16,52,34,Married,0
2729,69.68,14,48,Single,0
10732,95.68,69,59,Together,0
6849,20.8,65,46,Divorced,0
3748,154.96,90,42,Married,0
7428,22.88,19,55,Married,0
10241,743.6,33,18,Divorced,0
7669,1591.2,40,30,Married,0
7091,2445.04,57,38,Married,0
9348,2120.56,37,13,Married,0
4066,351.52,80,41,Married,0
7614,1729.52,37,11,Together,1
8764,37.44,41,44,Married,0
9744,74.88,52,38,Divorced,0
1907,738.4,65,43,Married,0
1993,32.24,79,51,Divorced,0
1223,66.56,37,71,Together,0
10880,50.96,35,61,Married,0
7117,616.72,46,36,Married,0
9314,1464.32,60,17,Married,0
7747,13.52,45,32,Together,0
5553,404.56,93,55,Married,0
10627,264.16,64,32,Together,0
4669,1256.32,30,18,Together,0
6452,19.76,83,53,Single,0
1944,2058.16,19,14,Married,0
8868,1794.0,42,13,Widow,0
9186,20.8,49,64,Together,0
